sellercentral.amazon.in,asin,amzon.com,price,quantity,title
408-4870009-9733125,B08JLTDKHS,112-1815601-9677016,19.55,0,YWLRONG Display for Xiaomi Redmi Note 9 Screen Replacement LCD Touch Screen Digitizer Assembly for Xiaomi Redmi 10X 4G LCD with Tools
404-8712750-6212352,B08GS74W3K,112-2869753-7173057,64.15,1,Hand-Held Portable LCD Digital Industrial Thermometer Temperature Meter -50℃-1050℃
408-1498953-3866768,B07T84CFTX,112-5787295-6350602,22.99,0,"BINLUN Ultra Thin Mesh Stainless Steel Watch Band Light Watch Strap Polished Watch Bracelets Replacement 12mm/14mm/16mm/18mm/20mm/22mm for Men Women with Butterfly Buckle(Rose Gold,14mm)"
408-1498953-3866768,B096KD5GL9,112-5303828-9813835,32.5,1,"Low Profile Ball Head, CAVIX Metal Ball Head Mount 36mm 1/4"" Quick Release Plate for DSLR Tripod Monopod Camcorder, Max Load 33lbs/15kg"
405-8871673-4457139,B0828Z2SVV,112-2010066-8943463,9.99,1,MCXGL 16mm Resin Strap Replacement for G-Shock ga110 ga100 ga120 gd100 g8900 Men's Rubber Watch Band
405-1978304-7409944,B0C9J1VSHS,112-7850930-8795408,39.99,1,"J JOYACCESS Wireless Keyboard and Mouse Combo with 7 Backlit Options,Quiet Light Up Keys,Type-C Rechargeable,Sleep Mode-2.4G Slient Portable Cordless Combo for Laptop/PC/Computer/Mac(Grey+Sliver)"
171-0757285-0334739,B0CLNJB79Z,112-0064574-0761000,24.45,1,"EMART 8.5x10ft Black Photo Backdrop Screen for Photography, Large Negros Drapes Party Background Curtain, Polyester Fabric Sheet Video Studio Portrait Photoshoot"
403-4713820-9124316,B0BTPM36KZ,112-6743690-9029024,11.99,1,TANGSEN Key Fob Case TPU Cover Compatible with Land Rover Range Rover Sport Evoque Vogue Velar Discovery Transparent Carbon Fiber Texture 5 Button Protective Key Shell (Black)
171-7500255-0553966,B0BNKZTFFW,112-2303800-2657067,46.39,1,"Decibel Meter Wall Hanging Sound Level Meter, 11in Large LED Display +Time + Humidity + Temperature; 4 in 1 Decibel Meter 30-130dB Rang DB Meter & SPL Meter Wide Applications for Home"
403-9949253-2187556,B087G4YQFL,112-0414798-3850642,69.95,1,"ProMaster Macro Extension Tube Set for Canon RF, (Model 6527)"
407-7382008-1285139,B0D9W1ZLC4,112-4697218-4977032,9.99,0,"Miimall Clear Case for Onyx Boox Palma/Kant/Kant2 Non-Yellowing, Ultra-Thin Full Coverage Corner Air-Cushion TPU Soft Shockproof Protective Case for Onyx Boox Palma Mobile eReader 6.13 Inch, Clear"
405-1065521-5752366,B07Z967XT6,112-0082454-7202652,6.39,0,"HK Aura Studio 4 Speaker Anti-dust Cover - Silicone Lip for Harman Kardon Soundsticks 2, 3, 4 and Aura Studio 1, 2, 3, 4 Bluetooth Transparent Speaker System (Cat Black)"
405-9102542-4733919,B0BBQZDHDB,112-1207837-8010644,24.89,1,Simicoo Compatible with iPhone 14 Pro Case with Screen Camera Protector Kickstand Rugged Military Metal Heavy Duty Waterproof Case with Stand Slide Camera Cover for Man Outdoor (Yellow)
403-4809388-0880349,B0BCCGYS9L,112-0605931-8701051,18.69,1,"Maximm 8K HDMI 2.1 Cable - 2ft, Ultra High Speed, 8K 60Hz (2ft, 2 Pack)"
402-7246268-9246719,B081SFCNDJ,112-6971108-5411458,20.99,1,"co2CREA Hard Case for OMRON Silver M4 Blood Pressure Monitor Upper Arm Cuff BP5250 BP7250 HEM-7156 HEM-7155T, Portable Travel Case Replacement"
404-4222890-7248343,B08RF38KHT,112-9610998-9045829,7.99,1,USB C to 3.5mm Headphone Charger Adapter Type C Earphone Jack AUX dongle Audio Fast Charging Cable Cord Compatible for Samsung Galaxy for IPhone15 Pro Max Plus ipad 10、Air4/5、Mini6、Pro 12.9
404-0384856-7537904,B09WYC8YMY,112-0921940-8329864,15.29,1,"MOSISO Laptop Case 13 inch, 13 inch Laptop Sleeve Compatible with MacBook Air M4 M3 M2 M1 2025-2018 / Pro M2 M1 2025-2016, Polyester Vertical Computer Sleeve Bag with Pocket, Dusty Rose"
405-4948249-8397158,B0CLL3JQLX,112-1503849-3221024,23.99,1,"G4Free Pickleball Bag, Crossbody Sling Bag for Men Women, Pickleball Paddle Backpack Gifts for Sports,Black,Standard"
405-3543356-8331500,B07XGD9XJL,112-0284839-0293004,36.52,1,Kensington Pro Fit Ergonomic Wired Keyboard- Black (K75400US)
171-5823051-0864316,B0887YHPDM,112-7442316-2984267,12.33,1,"ULBTER Mini Storage Bag Case for GoPro MAX Waterproof 360 Camera + Rubber Lens Cap Cover, Carrying Portable Boxes Accessory for Go pro Max [2+1 Pack]"
403-4346991-5703544,B0CKQX4R2L,112-6279274-1697862,5.59,1,"Togconn 1/4 inch TRS Stereo Splitter Y Adapter, 6.35mm Stereo Male to Dual 6.35 mm TS Mono Female Jack, Quarter inch Audio Speaker Splitter Converter Cable 1 Feet, Gold Plated Connectors"
403-6917379-2261966,B017H13DFS,112-9076921-7129839,246,1,Verbatim M DISC BDXL 100GB 6X with Branded Surface Blank Blu-Ray Recordable Media - 25pk Spindle
405-5270086-1677140,B0BVVB4F2C,112-2445817-3151429,28.85,0,MEGIR Men's Analogue Sport Chronograph Luminous Quartz Watch with Fashion Silicone Strap (White)
403-4236556-7689930,B07BZMPL28,112-9444637-8597058,7.99,1,"Callaway Par-Tee Plastic Golf Tees, White, 4 Pack"
404-7520655-8770728,B07VFDYNL4,112-1359308-5977827,8.99,1,"Smraza 5.1V 3A Power Supply Compatible with Raspberry Pi 4 ON/Off Switch, USB-C Pi 4 Charger Raspi 4B Adapter for Raspberry Pi 4 Model B 1GB 2GB 4GB 8GB Version"
402-9265110-7025960,B0BT58S323,112-6587458-5581844,94,1,"Vivitar 4K Video Camera, Wi-Fi Ultra HD Camcorder with 18x Digital Zoom, 3"" IPS Touchscreen Video Recorder with Night Vision, Vlogging Camera with 3.5mm Microphone Jack, Rechargeable, SD Card Slot"
402-5965148-6929167,B0D324W1TT,112-7448742-3270618,87.3,1,"Cassette Tape Player Bluetooth Boombox, Cassette Player AM FM SW Radio Stereo, Tape Player Recorder with Speaker and Earphone Jack, USB, TF Card Player, for Daily (Black)"
406-3317373-3103515,B0060RBZA6,112-0559525-2417052,12.99,2,"JLab J6MS JBuds Stereo to Mono in-Ear Single Earbud, Style Headset with Enterprise Class Microphone, 3.5mm Headphone Jack, Black"
406-1577197-8207522,B081B8R7MV,112-5304871-9333854,11.99,1,"HumanCentric VESA Mount Adapter Compatible with Asus Monitors MX239H, MX259H, MX279H, MX299Q, MX25AQ, and MX27AQ, Does not fit VX Series"